duration,src_bytes,dst_bytes,count,serror_rate,label
0.1741503165207152,12527.413355309338,148.89077748431,422,0.9003890810263684,1
0.030832860280943803,7738.769330124947,159.33673100886654,314,0.98603304057251,1
0.00923960561099441,452.23425532348836,496.2777763490158,3,0.09000831830164807,0
1.6473482913035662,440.7606075761131,589.5193220027733,9,0.07511780478084182,0
0.006422201247407275,11993.717546931615,127.65200429261792,358,0.8086200217896649,1
0.04850848428490843,9174.004355713132,163.84826930440937,492,0.9116342367780882,1
0.05737906098150877,9341.104427305818,44.81650857348154,411,0.961019462408227,1
0.021268956728444262,8606.456363140851,52.712696965160944,496,0.9819096946024277,1
0.5262813931989295,5588.867885801862,128.61951555878377,459,0.8474966610338768,1
2.275123225194523,577.0865193886967,457.1884839034087,9,0.014055296757836079,0
0.11131549686950415,8822.266346522607,85.78076751967453,434,0.9201584298679238,1
0.6984353243887704,572.5766623898692,494.23812029664145,4,0.09664173858664074,0
0.019754068939390218,5023.345293174021,174.8715841589813,377,0.8935441231942302,1
0.6266069481821096,465.7312405919651,510.42011039518763,2,0.08539619669554221,0
0.028830613219322627,9442.233211698487,109.80657295119536,264,0.9537494262725026,1
0.09835706144841048,322.12797510957216,437.62310393041946,6,0.076190181260487,0
0.08045415873998299,9766.468168409507,40.906293728959945,329,0.9228372488638023,1
0.006988885849612299,8564.162218504796,103.9288514859575,486,0.8112448589701945,1
0.532079354152605,475.24813644484954,539.3317839394372,2,0.00038199226585831084,0
0.024131577425847265,9540.902689279306,36.1847791730832,315,0.9435352315586999,1
0.4921302917942186,536.6598246096848,347.44748290752614,2,0.0254391580841847,0
0.3857354261645083,542.9618219132586,538.8578604530965,3,0.03773180539631929,0
2.9421645379632437,408.1348053515802,621.8761851697317,4,0.02953014775718328,0
0.6765179657972332,501.8433933065393,504.38114719791093,3,0.07945155444907487,0
1.174212527567719,587.1124703431692,614.8765700372103,3,0.01544597472233238,0
0.009584095560583601,9088.920947952258,167.3112878101374,196,0.8127589112507196,1
0.6985196328296385,378.8983800237543,564.7195939702741,3,0.055864239645042536,0
0.04983342768841731,10343.678679587063,166.43204141241156,194,0.8099211816698966,1
0.04552028996462769,10655.64234568617,39.89252369619556,442,0.9089110649309351,1
0.18866772280370347,8938.058204376071,109.47399106105404,199,0.8946871318750043,1
0.24311800342990336,548.9374561227918,342.9499396376823,9,0.047684346831781715,0
0.0661797884559367,8870.451991658116,83.1872630659464,344,0.9023560913138962,1
2.3888609510893404,413.9586634716048,377.4234336997659,5,0.06522916485919397,0
0.14220303685493482,10632.311914365557,166.528745201952,202,0.8102526918351997,1
0.08484875058031206,645.3384477117701,302.45334336461286,3,0.06573534821701287,0
0.022349613579934705,10933.341963932162,93.61726592409049,169,0.8456662504737222,1
0.07666137595445494,654.7505201330061,511.9580368414153,3,0.06775422674589532,0
0.07188415530315702,763.2382064837391,379.03589813087945,7,0.07139526325065898,0
1.1906427327993416,604.900922583689,457.0594458874747,7,0.08341445970006758,0
0.14457927117388011,9754.582132808551,176.50975994316758,404,0.9394332508580701,1
0.45197449896696235,423.6740843457483,672.7543170100712,6,0.05339674725477638,0
4.657004890140231,427.2862824175131,731.9329539981694,5,0.08393384923560024,0
1.1931554084399134,677.080063563551,409.609235853521,4,0.005433203482290383,0
0.0325526249643295,7790.27441387496,121.41583461876188,391,0.9515553120750316,1
0.1645432535124599,9517.005108258443,106.71482486238965,275,0.9333371303785026,1
0.04608944761872568,9932.774870592573,56.083846141013055,125,0.9128833175559495,1
0.34589535693063156,8830.7645386856,190.35983218189426,476,0.9865133417411922,1
0.1117402734303147,10648.11405644312,134.77012372751494,158,0.989537235412856,1
0.015935106340465577,10561.272808980273,111.7012227176574,472,0.8358189878656364,1
0.18263343161106416,9937.121659250448,39.648917607139225,484,0.9865735380253267,1
0.41903095386823763,9406.785081860404,138.59600774183374,319,0.9413208257988436,1
0.300495811253576,11358.285550876391,148.92110560140176,229,0.9246420746136014,1
0.07863528863524105,13146.039450429713,114.90792329952629,272,0.864413507039146,1
1.863526040097277,756.0084538268795,553.8755992446369,1,0.027140938044671437,0
2.2521519975341966,494.4452301103381,443.59213692632716,8,0.06522242595454725,0
0.012613325343695843,8184.487639706159,142.09918477260635,210,0.8655676397700068,1
0.034092103232703445,13038.567847283537,81.5396399776277,357,0.8744164509925793,1
1.917387017179419,334.51433281342304,596.4087168288357,6,0.05430245839576632,0
1.0475683864069716,745.5300139910894,593.4319911239273,1,0.08354802257421945,0
0.27970020366242127,494.4415329089545,521.7432873179723,7,0.030233324935149377,0
0.06420925886156549,14176.88554573985,159.8623461822614,412,0.9869591034985566,1
0.22452062273805207,11513.577359973964,144.64769350543847,440,0.8900700771561586,1
0.860155902641585,548.1009231736713,520.1099046714968,6,0.055770882625004396,0
0.18231995731582895,4017.7280581985533,59.75167595737196,383,0.9512384468213562,1
0.3903838028814744,554.3360192379935,442.6299996061421,4,0.012055841640369026,0
0.07370147220569544,10167.653255858722,124.56038327059981,129,0.8050697208527877,1
0.30246096574324305,8664.440887062228,51.77311025449043,291,0.9532694426209305,1
2.817255455387152,551.7659020469123,435.0722454933993,4,0.03578140841135489,0
0.39331421318413134,269.8078835264415,431.89483425251194,7,0.03970150412371917,0
1.036124341547692,528.9774856896413,577.1698710648345,3,0.08900970351838083,0
0.0339161670569886,9266.985959263897,141.7375663162441,471,0.8875799774285825,1
0.04088866362702279,11749.034148265046,56.91484648718709,283,0.8979571735976482,1
0.4998956075902351,8684.330892295726,48.072808957801385,359,0.9904124893278006,1
0.19573250068054282,6260.516600609159,70.9108983303973,221,0.8563650006590944,1
0.3364691574205587,436.26128726934826,554.1462728204788,3,0.012436839900051023,0
0.8400443055872574,375.5345296688583,394.65844368263436,4,0.05417048124100041,0
0.02298320428713375,11069.63467269182,120.02406932531643,100,0.9927370377374098,1
0.3935320868030868,566.9672548830039,392.99152336738473,8,0.007093221613377343,0
0.20067898874966336,340.5572341205633,536.8673308872901,1,0.06678046832264066,0
3.7235570086999927,615.9329803364249,366.5974505081796,2,0.027875987241455305,0
0.017634517448085626,8277.82417965286,136.9826575862336,187,0.8111481707174883,1
0.014418780059010351,9893.75869396491,1.6465148206423805,118,0.9527031687336425,1
0.07959746073698896,11902.898554116173,45.39181836409551,102,0.8090302728824584,1
0.02855292031963382,10540.114716782844,89.0673361282482,245,0.8014706089108854,1
0.3352496763810817,563.8592458777374,474.2623462576655,4,0.05771998867345508,0
0.02876246692962019,8279.229978440995,68.63432770243486,427,0.8938813683978516,1
0.08789172619608406,415.01556305352085,523.8789159026513,5,0.0023352096328185913,0
0.13193801039927686,9513.232041249963,169.97973225728967,467,0.8898157028269752,1
1.5886194749542049,510.64302276918966,743.9752406339273,3,0.0407584208573817,0
0.3632878599687583,475.10358515209265,513.2969674146876,8,0.05174463517550413,0
0.1949335702248227,448.8784323568815,385.3654606981312,4,0.04017788006543243,0
0.13015223395444864,403.5076539419896,444.10781527284115,2,0.07738796557301564,0
0.3614817536278776,13925.17438106159,114.18755118307506,243,0.995082073536949,1
0.03319768483987264,10938.535179617053,40.16056767868442,395,0.880375254247348,1
0.04912937947777809,11716.90223331333,111.26320586237748,233,0.9094090691231156,1
0.152015429112316,10510.767511348635,73.53339437758146,191,0.9006690261212308,1
1.764557865240934,448.61330826633065,495.4413983644502,9,0.04724933550065136,0
0.07236180576173268,9172.788933156711,102.26113544999913,164,0.9715715567034978,1
0.0360848969982313,9383.03442308836,111.21082021453965,446,0.9719290690705213,1
0.08606729434454638,11194.456436506769,77.04548448905041,290,0.9487810374604304,1
0.007309980660067168,10144.07372256749,124.80995936816582,108,0.8834328557951404,1
0.37725634756856646,11371.015477580408,72.49423585317305,204,0.8775945508795773,1
0.8238874948858288,611.9574911434577,576.0414656144297,5,0.07022587660316643,0
0.07554608952579714,729.889812361925,492.95012219409085,4,0.08221798868164233,0
0.02053609836776891,9575.582060197698,73.23416437161706,350,0.9755498809725249,1
0.3970909889426446,12549.750082557444,6.509183023391799,444,0.9285590141012618,1
0.021930804684137824,9630.9492846883,118.07086586365514,435,0.8264537430196964,1
0.08943587635739941,12163.533455345658,135.63560144306658,386,0.8583822346995615,1
0.0015514623464414974,11501.158335043532,-26.61230426098426,184,0.9130831879505076,1
0.8778258618057556,482.30527725059505,482.7053940076577,7,0.0770158211757096,0
0.1268474411846264,9314.90159828447,133.94734938811166,480,0.9523779788754968,1
0.27687704543790315,278.88646909921147,450.62434168386875,4,0.04540016211961149,0
0.8137369920602278,666.9021525289393,637.570681331162,9,0.0869969159647685,0
0.7341108959092286,571.7542255795962,280.1194043379918,9,0.07026337730855163,0
0.13259292819722024,8885.153893783357,-24.390432826753965,426,0.8553508263902617,1
1.008114536040912,540.8252755714472,491.17179516487454,7,0.023238432305604784,0
0.2900612949922053,504.8084946661382,512.0031326718262,5,0.0422034260127639,0
1.675575403282677,365.5549488965723,653.0750832343697,9,0.06077521222527226,0
0.6323543695829262,538.2409746184051,619.0646274786342,5,0.005809195208034979,0
1.6269958059939782,443.7533224105732,560.9138120907177,9,0.05111291392372298,0
2.973687793506931,506.7518481410109,519.4089992898307,8,0.08292867993167556,0
0.04638035907562945,12271.240294365889,100.94095248702992,155,0.8799966036587137,1
1.3027489284923162,420.31047445295235,588.3659937486673,1,0.07983803405183526,0
1.294465429727118,563.2781866106285,467.83649487826176,4,0.038420671298580025,0
0.0168215846863097,5831.774121002823,125.27946209179373,371,0.8652340508256507,1
0.09772614047494073,523.5614558108566,344.34181013402485,1,0.06882742357802371,0
0.12338039223997604,494.30543762789324,714.5149127773388,4,0.09476880259644709,0
1.9413494531754387,598.2690983945514,444.64117582920056,3,0.09061110021324971,0
1.389784716495461,555.979044793104,421.40105394920505,1,0.0842711902160555,0
0.0817051685836699,374.8886423614697,555.2489954417148,9,0.08284692994491172,0
2.1822519124015147,664.4967713501284,455.381656678522,6,0.011383839347660142,0
0.31601592595005434,12514.298433725146,202.3431097859779,424,0.9633310486403247,1
0.021085394111533373,10163.991112827121,62.210424992081855,460,0.8360317295465238,1
0.5083366145832069,519.5845255097681,444.2508214992166,3,0.040287328263263714,0
1.5588310318487417,452.1251378336523,499.08810033557967,1,0.010536492225085648,0
0.057950431065925775,516.6452208213057,594.9554135441324,5,0.01115122123212764,0
3.302870106251911,442.9253706250524,240.895770785509,7,0.04042897472548691,0
0.02320276599131031,10773.617041378406,109.2587768414957,308,0.9934542380740595,1
0.005322758404622274,9875.991981267936,70.53641741053468,323,0.8235944967256124,1
1.6442091832434196,342.97752801095436,514.1716913639905,5,0.0062689621621865865,0
0.09462915881162096,508.65897874729,437.44372984904703,8,0.031886681832113885,0
0.7779104426947422,571.0959968203491,555.0052099024551,2,0.029939558837168125,0
0.20438859950790575,507.40947804197754,449.7945775647389,7,0.051236377754579066,0
0.006614658309229908,10211.507582542961,35.770786715001535,295,0.8841473125137234,1
0.41190857986243246,575.138712337179,542.4165946401916,5,0.0873698593466345,0
2.6549500858806248,412.4381746615243,442.8821010217203,1,0.060379545294938775,0
0.0848038762122536,9902.205633051788,22.551973747326244,482,0.9153615839276512,1
0.0253981030444211,11125.76172034871,46.457379065778056,282,0.9631490761252242,1
0.04595764535531472,7886.8847144794945,151.17653220926724,212,0.9195616026803028,1
0.009658467632080676,9625.341963187251,63.58638987966935,137,0.9759675495882936,1
0.06348561371298943,15241.58618205995,63.34835022380053,241,0.9911298934532979,1
1.9342030336156586,365.1814577894287,563.3776880932098,1,0.05225765993367452,0
0.7439278308608545,504.6980593764742,627.8451862607299,3,0.018533017952871444,0
0.01975435601599549,11830.780551120324,188.0594062433687,100,0.9944922780055805,1
0.15092058664226415,476.9065469791322,659.4505063224972,2,0.0944042093825398,0
0.24947854019627047,9400.646703986426,110.1164398211401,489,0.8079622878891508,1
0.04376138071241865,7425.6728628314995,185.60201420089464,198,0.9879848745771418,1
0.039347991931463544,13108.320841429548,109.23552373905416,404,0.9739299369624342,1
0.9324939469655895,507.15662372193924,492.8398740585936,2,0.028924477197265454,0
0.48792752735018713,364.83153943836663,583.3528961608924,2,0.06247838627894025,0
0.25382380757120376,9646.451673768435,144.07037644617856,174,0.9455262275399378,1
0.1243832781684682,11794.132393774264,122.53017064312695,133,0.8599795185989073,1
0.015577315371944383,330.75353702851805,532.1357215450273,3,0.062066047982458405,0
0.04354868725226266,6928.855753585789,144.68488446945554,419,0.9347512459568179,1
0.058684212922789636,11086.958757340186,157.67951716584628,347,0.9434523751731513,1
0.9876741730080221,701.020453876635,411.5197285973099,6,0.0016947664889580994,0
1.5012425404546257,655.0500492814077,438.65973364590604,3,0.06448326040223139,0
2.5861903971507236,312.9208078974144,453.2298798688109,3,0.0409628894895232,0
0.60817526195962,448.23887009638287,433.09272613400833,3,0.07731418739186716,0
0.34551551200240227,512.0295631711899,564.5484181141076,5,0.05828068350834897,0
0.15430765454211937,526.7050265869259,393.4886336924627,7,0.020888272400516373,0
0.4140465098113239,533.8496407494414,465.1347865592141,1,0.050545511791044995,0
0.03458524481461356,8307.368045068528,-5.282347092016224,170,0.9819860316319438,1
0.06726393087930424,617.9297184063827,455.35663854494715,6,0.06692002629380785,0
0.32984272589875846,426.9069960058081,338.6438602123259,3,0.02655828329586061,0
0.01747884890733034,8980.386613618235,8.415887639698695,306,0.9548971206239582,1
1.0145374482046159,544.4263311486039,403.1655545136365,6,0.035871552541701344,0
4.2838655755525386,684.6707325736033,529.9292580406492,8,0.0023594964645529126,0
0.740443933181044,461.2298440064016,484.147042697303,1,0.07729214818761151,0
0.0690940945159936,13399.914749152762,102.06628161353092,208,0.8012094086367957,1
0.012505462234616283,8035.411931490641,38.047364873667874,156,0.8054213304672466,1
0.20106294174939904,10430.793010912575,96.21671978370848,344,0.8451579104301259,1
0.4993874970400238,387.45109527016234,549.5681887972605,3,0.019462383670487193,0
0.020892093117129654,8538.087448569053,199.5776651102367,115,0.9076726204202046,1
0.003829507570270228,11770.462965977982,73.7775931868674,291,0.9678199397599223,1
0.22153944050588595,396.4757677580626,545.6753219153784,3,0.02806832155159743,0
0.10689498229877939,11104.599875359047,95.16881649925551,198,0.8978096800898566,1
0.02678446810487069,10602.214678383483,156.86572711823646,295,0.8073425886966134,1
0.16962487046234628,410.1585328651642,582.0482181197364,8,0.001240403627731479,0
0.13390955323734008,13494.726395831116,202.64860122508315,186,0.8948617329736861,1
0.09416275581918199,10765.977969481857,106.95301993267088,193,0.8601932639263243,1
0.8936325301461753,422.21833124091245,471.9324923133226,9,0.0893090205195415,0
0.09201829951622438,11245.422447800538,171.81677028529893,233,0.9055175946544332,1
0.19019471280022499,446.02403196906386,596.387911679491,1,0.005022601146397377,0
0.3041185511110514,10390.049968056253,55.94658316693539,135,0.9906240228788276,1
0.061422605534213554,9067.009241543605,69.29387174958418,181,0.8869061926608991,1
1.0554414821352487,455.57067399238883,591.6327674702482,3,0.09840131632104643,0
0.09869603918736056,609.1506851922462,585.3415558780308,9,0.09560471436119332,0
0.3811462314307171,370.4921227936384,570.1172742310898,4,0.07221432354559058,0
0.11659216012385083,416.9049883588962,446.4764788439432,2,0.035477129183598424,0
0.2530820677318534,642.0504247989854,442.34895992732805,6,0.04928645844474466,0
0.018310743031294468,9698.32457686661,152.90591625435752,254,0.9715869827994658,1
0.14313248803005746,7816.132199209374,38.12866808887138,429,0.919485848514684,1
1.030827157844982,424.4617067646677,423.0026768941358,8,0.08886590802653987,0
0.8567824455775445,427.42561868465344,377.6059733237744,5,0.06478174459905284,0
0.6427845944128924,517.0865438127942,481.4712341122292,9,0.007686207527616351,0
0.0012176955887700334,12143.08630446977,122.15010652236876,236,0.8967720437728623,1
0.6129559740510913,438.8482197008052,523.3785911790748,7,0.05030839507798364,0
0.7104371771341901,588.1639756949451,502.6885838994531,3,0.03093727178627821,0
0.28956382596989194,13449.393299522217,174.45565541641446,405,0.8937113989182269,1
0.010026162303666899,8430.476183744593,123.5022093684101,346,0.9107986511006262,1
0.02567760954147438,592.4027019206901,522.3914134064662,2,0.02946193963461932,0
0.046511461743480975,362.06807719854726,362.8098857068644,9,0.012020722912057625,0
0.004334841052211251,8483.43586222482,64.38896181754745,105,0.9438490401151663,1
0.020799307999138622,328.68654709091226,483.28819196831455,8,0.07431931987316034,0
0.07312665687059473,9538.950749639498,-6.436704720740607,289,0.8971268596826681,1
1.6613281990870288,497.5874912889997,725.2435805344309,5,0.02032230910860873,0
2.209675828453486,679.4557863517788,479.0676322848134,3,0.02933086107805647,0
0.25062499928371723,7648.8107887502965,69.67483058921302,107,0.893007266844182,1
1.0787627390439145,667.6437312275283,547.7040827223121,1,0.060577924945269035,0
0.07369925411967153,11864.383128520769,154.4384827108336,469,0.8336040104385357,1
0.23848672389512574,12911.644644293534,182.77035565441474,138,0.9767367935375979,1
1.0497190748878003,445.6575228866235,335.46012530431085,8,0.08655771456245523,0
0.07858195678500353,11554.814705529023,37.243231401330256,287,0.9484739874179564,1
0.03203038769287745,9487.64049500924,158.5099354598302,189,0.8384046738272689,1
0.28265722932835463,12047.419092213962,163.94329066566968,112,0.8854210090720687,1
0.2832267604481353,8832.80134730799,121.73850322784456,385,0.997624815190927,1
0.7037074897567543,492.9834288541353,389.66333938261266,2,0.04338174195765296,0
0.11840054537024763,8683.503175332304,192.88511717688664,155,0.9211793630358966,1
0.38408876222526156,8700.469546303466,101.5015739582041,458,0.9057313207978551,1
0.05843744199039752,7263.369922334379,102.61292452487416,349,0.8076801754652689,1
0.10647145091201232,7739.592550652153,53.771794281095005,469,0.9725919246626037,1
0.09949206573550218,6358.793398902966,77.27261406282778,178,0.900927457595487,1
0.06984235614676293,12544.707000213535,-30.15685439136493,362,0.9728732532911947,1
0.05784098472380772,10380.847779850115,90.10311355076591,393,0.8078723759639459,1
2.4446159618366363,485.56395880760573,467.51686164913775,5,0.03865405068230279,0
0.031314144858586385,8942.04458387197,107.83468641232623,281,0.8303485825906105,1
0.14504990735121404,10247.095391911165,136.07396618786717,313,0.8306289000167912,1
0.12575011982910764,496.50115095030384,488.87739386513,5,0.06295576968917366,0
0.19576967369558532,9073.677275829203,-24.66354101650387,257,0.8100350700639949,1
0.23653871012100744,9895.191098845062,155.1938671658129,326,0.8072922101651238,1
0.07906063631889006,10699.600049135815,110.83124877023096,486,0.984107177020511,1
0.17012074157285414,344.33708264760963,504.88600703257043,8,0.07534279222569691,0
2.400422887393024,324.12605135768854,493.42497389270125,1,0.04433800143791877,0
0.052450491150394345,6965.652606656642,121.7987694750023,231,0.8851011318543686,1
0.22308062291973074,7966.633742847005,79.51567036852514,256,0.8713964858937329,1
0.2877089035892496,11409.013079649447,75.82192580767315,386,0.8685859325518392,1
0.08010427855017636,553.8910043684658,471.8899707114045,5,0.005113538144210073,0
1.4752145260435134,430.02744920074144,519.6521169701471,7,0.021906880910185778,0
0.7888143605763202,359.33389031517777,344.4104353796373,9,0.04493497420396421,0
0.011194414515742714,17852.475412872653,30.7006028800501,390,0.8080667704276905,1
0.07863207766462899,11069.25817224487,57.16139530866036,400,0.8577937049842117,1
0.17785286876730733,601.437006501813,662.8396623128538,3,0.047643698634379165,0
0.4124824071376542,650.3992988582688,556.3909120052359,9,0.07645277946547177,0
0.08634573226958268,8209.307355273952,24.276484540961647,127,0.9592881123046955,1
0.100611612505522,13618.61269946622,142.3385387608247,242,0.9931664639436666,1
0.10817972204129243,9591.057558027756,7.104927430085638,372,0.8423491724104839,1
2.6355234573318898,652.9550319460614,542.1920754235284,7,0.020131210782243326,0
0.7148761593385558,575.5391225825756,519.7910783462647,6,0.0010131184027743379,0
0.07051345584098177,8922.316287614523,138.80139569217377,240,0.9623613436701772,1
0.014123531011449274,13477.702703706662,204.30235247685567,186,0.8966996170213608,1
0.26188124511245786,6690.225127543408,49.47008900355433,292,0.8772101871303672,1
0.18841517017541254,8695.822222813878,69.85896721080192,407,0.9093354529794624,1
0.1978264270871572,9430.249013260658,167.7721400552748,177,0.9183433937784801,1
0.007861585344916983,10006.751013194322,110.21945158014884,276,0.8786641340770378,1
0.02511262797305097,9563.908209215253,-6.361371017574768,198,0.8411588753978844,1
0.4465850242077447,627.1555094994159,389.6410682784229,1,0.05104324890042322,0
1.9047266524780797,371.0039100258946,559.7400069849858,8,0.0909454610937242,0
0.05691982557212377,11490.010625754563,96.13894773884772,462,0.8726807863998854,1
0.5402733209186713,550.0917187624381,434.85819963855516,1,0.06360960464095422,0
1.5856539797326863,559.3101257968384,340.70062664683303,5,0.00088632851134689,0
2.258790514545926,520.7687687163111,749.299951743279,9,0.09640784164901083,0
0.135889041297428,572.1672064043235,517.9894151153478,1,0.06265925110932102,0
0.047563849756408545,425.15134634434463,527.9021525770339,3,0.011493299705956684,0
0.251988356829711,12061.161171248114,81.2588971689097,112,0.8677646964845616,1
0.09737696033949511,11336.68097743616,112.57368044702561,169,0.8938081495036309,1
0.2880059891265836,560.600995134564,504.0591691203882,6,0.07689227821076411,0
0.6782934333416935,522.3884024279131,605.0654396007612,9,0.03472770390305076,0
0.012025252515554252,8937.571410784803,42.33337983971275,453,0.9092814148424264,1
0.037075627822243246,11628.303524236533,120.82230190507264,430,0.8212320707094934,1
0.5258596444651419,429.5656309457241,512.2297503032283,6,0.07404761319535191,0
0.1253247660188759,8391.368480680016,102.3001373626637,225,0.8105653372729444,1
0.5578141939084273,520.3463635867223,495.228864385802,7,0.03945760755976464,0
2.0112308644799395,683.1458765854354,616.9295590445672,1,0.05983574842977588,0
0.0543775893497494,9511.839052651598,135.61610797900812,305,0.9269488282208059,1
0.04440684118766536,7534.953370462981,107.9026744960066,366,0.8889704865655081,1
0.24509510485028332,9057.750696364243,73.31998467804166,418,0.8454963207387081,1
0.1474569733059262,8363.142668115997,159.1746833444964,294,0.824689973162071,1
0.042364224416601454,10958.883036172128,127.70288855579535,153,0.9204938340914532,1
0.3442229925539415,562.2849932347499,504.64365481561487,1,0.02395101699095381,0
0.018122189742519366,5506.221332030789,163.97324658288755,499,0.9616536422432557,1
0.0136813115846664,8815.288088695892,63.234826965902386,424,0.9101320918473129,1
0.1098413745518963,10593.151090281524,95.53829228892755,103,0.8294326502189892,1
0.11829227771663489,13126.826717664217,122.5612659659254,169,0.8893452937405282,1
0.3900197141059788,561.5935606944264,531.9781934142537,5,0.09574480190380963,0
0.05092191109697122,8929.329825967554,66.25329906047239,168,0.977047775741513,1
0.8519972910552638,502.9756139495745,532.1697806196014,9,0.016695308874719872,0
0.03626911761341702,12022.926070816713,57.65745169373177,315,0.8683282225381204,1
0.15427407178831198,11190.05893167113,170.9265672574018,158,0.8875433649867083,1
0.01672694755847062,456.7441812180379,617.2729019259365,2,0.016686020169875283,0
3.0775624127880232,487.4213079900352,424.57241499806423,8,0.08803147621489271,0
0.43595353461673336,446.91312270796794,451.20885918542973,7,0.02998005275652359,0
0.10222819734932288,472.72764302523296,501.5579047581468,1,0.07942106625494055,0
1.1151550102972934,552.9804177915282,607.8680833431296,4,0.03063134987782127,0
0.8937784045945835,458.8123033877533,432.83766320619486,8,0.06884050184921368,0
0.10878123934605873,8240.371292995891,195.57095435698616,369,0.9194624756661424,1
0.6876592784638472,525.9722501721482,561.3517972730417,4,0.029504070765415627,0
0.3024745318202052,8790.510670923575,35.34292281206761,335,0.8393376394625647,1
0.0025516200954391077,8146.603382305379,116.9011740550854,208,0.86940046708244,1
0.2983273700614889,501.84183791895515,495.3079421120816,7,0.06771206397350094,0
0.3165604432088257,406.0120213672645,430.80919301187555,7,0.03618530932051387,0
0.9190821536272645,617.9440120721287,638.2158991037527,7,0.02972378077086172,0
0.09104783632203589,11536.414433263475,96.3013568202811,184,0.894831589175816,1
0.05266367498016638,12090.176948169506,66.15024307707344,458,0.9795910432370039,1
0.7314528057601519,433.7376241054153,497.56454077390174,3,0.09024533072858418,0
0.059361578701023376,10778.318391335857,107.01799349240235,251,0.8282398127074371,1
0.07747586881130901,446.9742381627559,491.7848821607431,4,0.04820410581120826,0
0.029936558249531925,9610.605407766636,121.29218293149145,199,0.9876362345049445,1
0.10455592808231318,8786.269644285649,110.62870153161074,446,0.9247010622494675,1
0.18696125197741642,511.56746342928585,518.6609123156359,5,0.09096268194365925,0
0.28673882298329834,647.9944138890025,295.82651315757096,3,0.0955060511484989,0
3.503557475158312,635.3872374165413,514.6713686433322,8,0.004814283597835345,0
0.5589382770530613,484.19921014210104,661.3711269058647,8,0.03951377432643186,0
0.3475620842670952,505.9218434014488,600.9817089342635,9,0.03753299079196019,0
0.2145528566344447,10574.657808806018,79.78012884080194,227,0.9969308955181679,1
0.11565927870318259,10591.24897749419,135.30394569075656,123,0.8733596641292537,1
0.3579304600790468,409.56833748955916,397.72074348015946,4,0.048600049379760306,0
0.03664029645294619,6592.256826346562,145.68858106927928,274,0.9687986943884049,1
2.226055211248523,744.5751979616826,515.0418905143576,1,0.005764758219902489,0
0.1644886302350852,12474.876269368278,9.101038730642259,289,0.8292042038593925,1
0.05982993733477004,9099.974284008373,88.87625516108673,180,0.8891651099654032,1
0.07027846689285737,6447.507333067097,153.06854824365666,203,0.9481327162133252,1
0.05698740325333455,9871.623645783004,120.91028779439861,441,0.8551133552618357,1
0.10295691844781325,481.60166636473207,487.0179300266574,8,0.05006242680704179,0
0.02574777399011373,424.3649254715697,499.63974609094316,8,0.04218281785388314,0
0.12450597755245087,351.44396269630283,368.81637676498406,9,0.0457699605159294,0
0.08060274314681737,9097.682283182003,163.97593348800794,141,0.8920710746269654,1
3.6649601225225674,568.1891489626312,574.2095372009308,4,0.08470608269838996,0
0.4622873964973667,609.4191518470949,532.8762410303481,7,0.05693773611822828,0
0.0506854151434126,8322.828403105537,73.7060162052398,340,0.8199159427080058,1
0.03193368129305382,435.34271157574733,650.339830176715,5,0.0907611002556555,0
0.011418589432541669,387.72779784377013,543.693816974635,9,0.03677859877561529,0
1.1899012381167742,533.4456789987025,406.6732040926804,8,0.09760138232792137,0
0.09332632656949175,9618.993788004378,179.4313464021798,270,0.8361315082622607,1
0.005958489006248409,6828.033375524084,31.416315138476705,386,0.9818404272412974,1
0.13195088966992705,11280.959590401648,107.049134980603,382,0.9739067343629959,1
0.0001474909230385058,9029.388329264264,98.0490240311228,114,0.9794794636643173,1
2.017950047367915,519.8084760767855,598.1765486991594,2,0.07617981913776972,0
0.027704172270921135,7620.666681819277,153.53052799895931,228,0.9628767841338163,1
0.09804935749765663,11690.315942368643,54.796585513199986,286,0.8123893037157977,1
0.15929810583106407,6144.65484130878,216.00203610086297,162,0.9009822902500279,1
0.02855194264836808,8792.03874806154,128.68722105022067,100,0.9285554826959856,1
0.010896806615175478,372.32514241796906,583.8490774451642,6,0.06870192665032428,0
0.06943550520525156,7361.5056108024655,97.17057555500521,480,0.9550469077798112,1
3.0079495401039895,502.8318376130461,526.7392314071903,2,0.00043632696503090876,0
0.04028156695729184,11244.139980612097,81.38404735310385,335,0.8965202471323042,1
0.11416743519186584,357.7746290402326,384.1635310807457,6,0.04110210752655458,0
0.0832605387708658,10394.584531262413,13.439934827753731,267,0.8179519001120314,1
3.274720209102377,437.68594735752356,382.98869739406405,3,0.03373455467690927,0
0.9926282903811874,528.5865390724905,497.2695460490068,9,0.052129604765413895,0
0.0416297597943452,533.7602662075202,444.969484615458,4,0.07055858626438247,0
2.3682376754780905,478.6011155774491,517.0416222375487,6,0.019921527489405313,0
0.3930632133279656,8973.607270973207,91.71842948411839,178,0.9849283582257273,1
0.03806349928278938,675.2270443423622,490.166037320525,6,0.08834647629860608,0
0.1831342273514442,10716.90723641924,79.84620054674846,247,0.8173413135191281,1
0.00801037988599451,8180.633166036333,48.79857045568102,197,0.8252230644750822,1
1.028394147108891,372.0423033264299,479.64196398976384,8,0.0640476042175844,0
0.08302828409517736,11696.348425333337,80.50381467202773,216,0.9923101464275133,1
0.10883751880671802,583.3922154548904,316.37946268967033,9,0.07889324717760073,0
0.0885727267264709,9151.527333203912,128.48801785993234,372,0.8260706260086531,1
0.0893155023299958,10772.64663562312,111.44981962296701,141,0.8392973933912422,1
0.11168872457261295,10787.594596432504,156.09289281152354,277,0.8389916542997261,1
0.15023452872733867,485.76205149787063,574.625356602722,4,0.0034670266726483327,0
0.09430114594270499,10898.437442570068,203.39531690817762,497,0.8043693423972404,1
0.30144787865872064,8209.860315446791,122.79520975853514,166,0.8453957078943042,1
0.347022778746197,509.61207769409833,482.5040243304591,2,0.09660475051286772,0
0.817360407561493,400.1645959261209,469.7530313511872,4,0.03951309076115033,0
0.401818801251301,446.9498852389473,495.9842049355657,5,0.05126677259564164,0
0.30536795938460054,9812.72762252166,161.0410649406524,284,0.8332369999219499,1
0.021550166000817744,12400.523499477658,125.13724037454074,130,0.9967423166418303,1
0.12300476518437323,12928.354477504876,138.75777470173915,267,0.8704654108505079,1
1.6523315728128767,675.5340842443204,397.348470058894,1,0.05717723520483223,0
0.12529062038255498,9588.28113823932,89.21661812261839,383,0.9234388454233934,1
0.036604104210857,292.660976759185,528.1191423969376,1,0.010926421030962141,0
0.17580835850006285,480.9661321916392,564.084286126701,8,0.005952470034777169,0
0.10660871224538544,606.5480375065351,481.3028697014554,5,0.00523550201874724,0
0.12078799659848881,7915.911175513795,143.82278227514678,414,0.9038625385284607,1
0.007091477358703708,9526.889425562107,81.1849637537502,461,0.8709594579312778,1
0.2890446249168032,10433.551127525257,51.76472871246426,149,0.9940148913333413,1
0.7501432503493903,520.29230208513,498.4690150827004,5,0.09634992408875884,0
0.25039559817896867,11164.053134169453,130.41230958424842,263,0.9137910966563701,1
0.0008354746125244858,9648.87210900157,142.03672410647746,300,0.8267391308798873,1
3.003996005860931,496.6873027126203,647.1170327493609,3,0.001755236336662891,0
0.043534484967911714,8151.0680237408915,22.713510665463346,198,0.8524816752978605,1
0.6961843775511992,445.31410587596076,729.0942572590742,7,0.0492325480001182,0
0.2511673382758245,402.2444755201449,451.61141659456786,9,0.09132869475762367,0
0.9913991764332203,437.30329422122327,426.44700574102336,6,0.07486452341262,0
0.12223432806039843,6175.490049160446,95.43002212454428,281,0.9383440228269377,1
0.4438926724162325,488.76719503091704,491.02643057127733,1,0.010802575413069138,0
0.19160422253913376,707.5400798645439,215.14573793699248,1,0.034587746073785744,0
0.1985153492430679,8333.887885998483,118.08305306235083,382,0.8170806060325444,1
0.458522799264304,557.707212718054,565.232287841342,7,0.08224223736682784,0
0.05050981935027793,8728.884317191194,122.47369564161534,271,0.8473219565415016,1
0.06057691464212986,8859.297267172638,106.59639833859785,288,0.8821463086982024,1
0.059838768608680676,367.9766792979358,606.6674689589154,5,0.03012652607600004,0
0.12649099593117122,549.2451264008149,351.51020315500966,4,0.05158619027123282,0
0.4688375825522896,457.98131829041426,379.0305257158892,7,0.021574067917645413,0
0.04414332379172578,11113.106249067516,74.9107903594234,340,0.8385352792973401,1
0.2257096460059006,12446.166134190651,108.7643389466962,328,0.9329478409821692,1
0.15757269365677426,11239.422891932272,142.7777829510356,281,0.8297013563287362,1
0.0070801506413588795,13808.273179146014,31.708792229228052,416,0.914181410750429,1
1.4696479404457352,447.5479733720226,591.8316606002313,2,0.001911609442976403,0
0.22085588042617507,7776.065948451673,190.90309612789122,421,0.9907265215659379,1
1.2270959073870447,696.472513291639,564.2722759867544,5,0.0005505799160420822,0
0.017797342794015174,10362.853240227943,85.59805630389619,313,0.9316614879012124,1
1.9548391571662491,538.0197851005963,570.810867668859,9,0.03602339188004279,0
0.12984914234202144,9025.594157610145,21.925338877907024,427,0.8395111811356957,1
0.9752196186564929,377.7872191108055,401.03718634296627,7,0.06877220424305606,0
0.022188451792877262,8784.249478648364,133.94656450296392,169,0.8570411605360828,1
1.003494190520531,592.6177547531641,639.9355436586002,3,0.011448763806590512,0
0.005127121953612685,12400.157912853723,93.52413765682796,310,0.8627406249514313,1
0.0406540634782834,9452.013836341392,128.70356104470005,369,0.8079845065127503,1
0.03707838297159636,6184.384884245218,159.03204562260723,119,0.8581753708463166,1
1.194074425301673,473.11113094451696,436.10382523104977,7,0.04834074359731466,0
0.006795219063427087,14853.432972691044,135.7304895318309,233,0.8337620011569129,1
0.0151756987371085,10171.374322806718,83.35697978087444,345,0.8335133078609014,1
1.4046329868550171,608.0780725554622,366.8767046442222,4,0.031334791758514315,0
0.10699690143594932,547.8979825746392,572.762954363698,1,0.011613896020052562,0
2.4635098846338415,505.57249122886947,493.58616534070075,6,0.06234059581594401,0
0.046281965686831954,369.5530499495147,684.6636996047666,1,0.06341040313763313,0
0.003970799371386665,6074.748616654842,62.37823813234825,136,0.886738866264076,1
0.7220291550331277,627.7676821898509,657.7453279763474,7,0.08313735143857098,0
0.22882937492222588,7508.565247107232,51.863371735769384,267,0.9642500309119408,1
3.3706303424611725,706.0747924881987,607.3631749859773,6,0.08789789002822673,0
0.11788020797188024,495.0536290347567,516.0573981049864,5,0.08902150026361744,0
0.014498079720804276,463.63877877861444,416.4652946740243,6,0.08082352100092222,0
0.09572561054847525,605.3152853332904,490.1110346808857,6,0.038764880545564706,0
0.028901814227877284,7265.724387079508,12.40855966241405,108,0.8684265200223791,1
0.05598443507801786,9258.983802819943,64.6187052588987,360,0.9069118438312618,1
0.4400141293231124,511.422764866204,432.65093757561317,8,0.034882053396947936,0
0.31685183433152225,12447.137764837255,44.14067691464988,245,0.8217365078749385,1
0.10233615524613529,9041.014065201512,79.425342771891,114,0.8161161624573028,1
0.05669849126609429,9681.909579199897,189.81804114634818,479,0.8213247237873196,1
2.3812655298459755,499.20273586833827,520.8382807947553,6,0.08237903842212947,0
0.1390060638098674,8903.462410149847,74.03018140869366,370,0.8911299098879755,1
1.1634823050432324e-06,13908.314867500572,47.49296301989272,414,0.9456232874672332,1
0.07392124409338731,7882.184825886799,168.52680719983567,466,0.946250117869475,1
1.3282935787644004,570.7751935455475,609.1310120594269,3,1.3469300448532008e-05,0
0.3487760681721603,582.3170583961914,618.9470488924641,9,0.02277497361032096,0
0.13798525528957611,12591.743563726028,73.39157184364052,421,0.9882668785573803,1
0.47202099961912564,496.5315112613219,514.8667457202112,7,0.07385974581323307,0
0.3298028401342492,493.7320902726828,475.876394214367,8,0.01400240975533177,0
1.1773152866548127,402.12362842176924,300.17993154678925,5,0.08267073597414876,0
0.0001994122159710626,10893.745001605395,179.72211958745984,213,0.8021026449083307,1
0.45627721822084705,551.4438834058749,716.3254723305461,8,0.099543751619131,0
0.2932451960942563,11016.537279349179,198.6271088394904,121,0.923324395633055,1
0.010688712205436365,11666.667823560614,82.95460613269601,149,0.8964034679553865,1
1.729351369538136,593.5678393147462,401.14088928490827,7,0.04483190553694222,0
0.05656671840459809,12435.918304611117,70.30942959656474,363,0.863607922338904,1
0.01976764606755113,12359.45041672142,122.90840573943493,146,0.9825601600815723,1
3.010121430917521,687.6170839215886,464.070790921294,1,0.054069847664491036,0
0.29391755305092016,8460.007867605085,83.49399530167749,375,0.8371553909397416,1
0.02264397705499921,9908.975509397516,124.57147263600999,212,0.8418194729179229,1
0.06994318327840682,11103.48159982184,-10.840941967703216,197,0.9419342687009049,1
0.08713706491738638,9395.90900102027,126.10712729669679,345,0.9483254574903778,1
2.8050944192915823,329.6617560644845,524.3800713771199,4,0.04876670686212645,0
0.007150415706895463,14024.54089140153,111.1144927900427,252,0.9914269665079593,1
0.29272611169441504,11224.937588027205,191.48101008580437,250,0.9497926301720797,1
3.5025269228794818,547.1415556386404,539.1804005402546,8,0.059513167490568154,0
0.16959629191460518,549.1919171506506,550.7274031107298,3,0.046876796546450585,0
0.15189814782062885,401.42739536644564,374.8460575809556,2,0.09715326909010508,0
0.25868674613938136,527.0456825779838,631.7394065634326,9,0.09417257116189251,0
0.13051253056263973,7820.733925315223,121.61314753170777,168,0.9768957455193519,1
0.13797393071697514,9222.958449633981,41.30600177955137,372,0.8368602793900198,1
0.05270753607973251,10186.744748553303,133.24635811508705,151,0.8166446132416145,1
0.1403501450995342,11106.502439969567,115.659223693249,204,0.8514125384378418,1
0.2846612922740635,610.3301882016522,624.7742072673734,8,0.0066009844140241586,0
0.026190603022539467,8515.031534923231,138.96745019526662,423,0.8136881418485252,1
0.006976409181650647,442.32286694316673,673.5963803165249,6,0.05936607912085384,0
0.1476774632041396,10622.61734688577,174.7469113726618,108,0.9821652529372631,1
0.09139050477588241,5523.537533350056,208.25280339033012,113,0.929736590671473,1
0.035281211471835945,10584.385456652746,125.29827767279326,352,0.8812833073148038,1
0.07044794557708602,7205.763629774017,12.618174508586918,161,0.8686053425180049,1
0.10478877810532038,13974.551998461617,46.969746680169955,453,0.8736500214790266,1
0.015895201566782518,9183.798321679558,116.07966056696193,124,0.9478938466477455,1
0.04788711656821709,9087.758345051623,68.61330469577472,323,0.8872492052714315,1
0.08781497113730818,8350.971676944653,184.78614389054326,112,0.9166614496368409,1
0.49130069222390726,518.6766764477078,503.4083468259226,5,0.012292067846538758,0
0.12670232789212518,11395.806545078056,165.91511624263347,480,0.8481607632146346,1
0.007588970221384388,11197.58877912382,119.44893646760919,221,0.8408175322311521,1
0.04682787928521474,7664.44089746413,161.5000286359575,437,0.9932548595496371,1
0.10980016177460653,9482.291199260337,33.16372805620347,270,0.8838669360838577,1
0.18556560463874308,9016.19510498759,128.9928642647566,124,0.9271290643905227,1
0.13182658709838013,10340.927541993142,59.379882553129,484,0.9786608987576245,1
1.2454172888985389,575.6988616645352,599.8010109859653,3,0.0961135485407593,0
0.9460304720374351,539.913611435207,589.4924376944441,4,0.040754303103243086,0
1.891956077463401,687.6795812558066,396.00940728744695,5,0.01541450431784871,0
4.956828607926033,348.42558850027683,557.9291499601088,8,0.051903228012954876,0
0.5825552749872835,644.6977884353732,639.0207549017314,9,0.09567998154842862,0
1.2949605629166843,463.903383418092,510.537550614596,6,0.0804437207679505,0
0.08785552166860508,448.2711549899628,505.6649924897107,3,0.07675676285179184,0
0.025964777096391695,10795.854099893619,86.61794545506032,371,0.8323389106547974,1
0.0007872497723973615,13517.240968390266,87.57356909627754,454,0.8784435586867081,1
0.07212472435450759,10506.330476075962,133.27084118458893,251,0.8605550256543935,1
0.2708237590528059,407.78346758223745,210.3744621806311,5,0.038948189490242036,0
0.2099399761780521,11910.601116475505,95.1042376778548,426,0.8565530914120197,1
0.008463149682819497,7704.617220368666,42.949574512363085,131,0.843754341682176,1
0.005537420375935475,444.6350694652818,556.9767280232204,1,0.02069925784384268,0
0.050750662599519575,9565.965899151259,70.67343652180323,439,0.8493922333983785,1
0.01737491203951833,13032.788110507146,83.64913411951144,384,0.8137507812844975,1
0.07271143589950867,10670.116058168234,60.99004354412686,378,0.8790106675713593,1
0.022223188758939843,8221.518343543352,126.11253180088893,117,0.8774446282420414,1
0.0323404741308102,10441.082854027734,103.85782481088583,346,0.8563836711194504,1
1.4334305470790938,588.9630795623438,469.47752956453326,6,0.03687071708647952,0
0.06469045124116816,9731.006431196534,69.11791615331516,296,0.9498738873289914,1
0.05756509916369589,9280.740655095075,42.33247447020203,411,0.9474264827913278,1
0.05928170644873779,481.3128355838641,497.4973041254856,4,0.0048186012393296234,0
0.4929884540601712,527.1578837195374,499.39290884601064,4,0.008928952452557292,0
0.6414503320943712,534.7581705361671,485.2997998371511,8,0.07070864772666982,0
0.029182603237851452,7739.861321919285,106.30889518309836,489,0.8068862617146629,1
0.020042113164163985,10926.577060236212,243.4201527833384,331,0.9695095266109472,1
0.32346743548587886,8751.309220573552,63.519876509629526,141,0.8764246988919947,1
1.497954503343587,562.0672097550678,469.0883535797499,6,0.07409040561520715,0
0.15482817930749604,10705.009936713759,79.40883155181714,394,0.940219517472854,1
3.3137354761302054,398.78956247398327,475.5843364709351,9,0.04755460374868267,0
0.09500845778521458,10429.426366341053,169.2266023796953,261,0.9858806967698308,1
0.9353330206496101,655.1151975522523,560.7896509716539,5,0.00938572848233562,0
0.7579089406255209,462.5179192450403,477.53668500029755,1,0.013443512940812186,0
0.21813469463126745,491.08799604872115,490.0824136220617,2,0.05062660594952028,0
0.7304953249815037,569.6206364813419,415.30386516816725,8,0.014879596940511565,0
3.400842016122056,457.311893005258,545.353430151398,6,0.003945953289089932,0
1.3998992301163418,423.2202434895872,649.0726136849952,8,0.06516397604772765,0
0.15572860162690783,6905.392022123269,96.94980140723082,483,0.9560096174080087,1
0.10693138993831841,5825.945962795862,172.5463774139606,433,0.9366228571446094,1
0.1819593516299441,12307.801468511494,181.45831824504725,346,0.9440913482925513,1
0.04635302399667804,10087.029337286933,16.570037056090243,278,0.8363635305674678,1
2.1811325693966133,518.1866255058495,538.1935452231553,6,0.003095579091934353,0
0.6785051093729543,567.4819492166604,500.30460201534146,3,0.028740959646557974,0
0.10264806606711122,7805.394944734312,181.42342773861608,305,0.9730142198750787,1
0.25682414705495765,457.90155191797373,462.9385667913894,3,0.014259414408190875,0
0.024955526889052514,7982.890631847584,49.889149053663765,367,0.8683698083834517,1
0.6390661333763098,475.09639604436217,311.0459269054469,9,0.03452231428016921,0
4.24403698261526,583.5692112065142,668.3927691457868,5,0.06729666223944324,0
1.7251858538085814,463.7161439560341,548.6501643826202,2,0.08503480011198955,0
0.05285108738039248,434.81638921978407,451.68135377006263,5,0.034316735317265826,0
0.05418586455108923,8921.754593702042,93.15022552787708,126,0.9261540840345241,1
1.089162387290241,533.3662105286949,505.19458858072994,6,0.09559188289553193,0
0.0058249703823898095,12953.868852236548,48.68153961670539,250,0.9533191889424103,1
0.13338356138087226,9425.10496119929,213.5724872711398,221,0.8295916668218812,1
0.061936924422927586,8506.843306919522,56.35194547731498,486,0.993963772926757,1
1.5681954162211487,522.2133771633713,502.81811573691283,8,0.029805220863944316,0
2.751293470807042,474.0408648636395,484.9944412967473,5,0.013065234382346292,0
0.12263202244500762,9229.956376574273,143.0818062248972,155,0.9352796737820013,1
0.11161466144629727,11515.843699847239,58.39693475750717,406,0.9826459372558541,1
0.9545307155177177,230.31133570584285,390.3724913104798,7,0.027576756825135697,0
1.537936011030912,387.5357908162131,521.9150327663939,4,0.05214456890435895,0
1.2817618030658038,547.1468357135996,618.703030556038,9,0.013919670134569552,0
0.03389215646337138,10916.773407102968,40.235311820037765,335,0.815943014637457,1
0.08429003625594063,11303.043982679012,41.91080780438181,480,0.9201890969075438,1
0.9567224329131345,402.1627222384968,363.0197020420922,6,0.029529049404794328,0
1.3723575516657907,635.5637858804951,486.0410371844826,4,0.03403871042545057,0
0.030690058827003937,8226.638155433086,108.88750531340156,368,0.8032056312910246,1
0.011701917381063149,10668.352834489795,90.84247644733526,297,0.994369060265097,1
0.6230585988040988,752.6932425873622,567.7925871339269,9,0.00013536257154681542,0
0.15157904915515275,9921.385424744738,214.08259182694212,278,0.8372839609707949,1
0.3724883504103537,472.4948302848356,512.8104414910789,8,0.09317537194328164,0
0.15287726907101526,10109.868221999697,89.66943601519768,269,0.9089261742214272,1
0.08744917510906713,9167.611190229492,134.10347450313157,449,0.8042018313972722,1
1.6508870804845694,361.7200269035664,557.2582781356159,5,0.06865899134926068,0
1.2312500617045903,453.08243478952954,564.8709887589642,5,0.02999191115069847,0
0.9992300803905246,593.8283805975998,433.1909546356951,5,0.07130460506343188,0
0.1549044309577099,10926.412584198246,42.28186658835078,355,0.8847540239861847,1
0.9973343857364831,512.9221181975228,536.4961002466225,8,0.03424479788347134,0
0.8101323606865081,478.08994711911356,371.70077758114303,1,0.02178925542549901,0
0.2535357458703266,7787.412975176731,41.41728263412191,212,0.8114783687376548,1
0.16352189994881977,9626.20768367603,80.61500417957194,205,0.8787510283130814,1
0.9679330287389772,522.3787951638899,603.9904687396076,9,0.0517960527712579,0
0.5570576927486144,494.9761890550863,519.75996046924,9,0.0668572646722914,0
0.0890267272289478,9767.541913756084,112.62844229983118,377,0.9530632599050772,1
3.4928071327362264,662.8615545571292,397.8767182869287,2,0.010422480280834768,0
0.02172119318990333,9876.471600279741,103.97989311880183,120,0.9246759131919814,1
0.034993721443479085,605.8424486849588,656.5524029234341,3,0.08925232899548462,0
2.207323476346767,474.5022782579145,638.4272818510518,3,0.08275189221063031,0
0.0015226013884891115,4504.990314549531,155.29502121786544,485,0.8619383422210378,1
0.030975062101474545,388.94241545341714,330.70431858046146,7,0.006245759361907144,0
0.01643972510280493,10999.728247480743,183.36120557755686,198,0.8001886830535263,1
0.38273071641831846,504.8521627944827,604.9552715319335,7,0.008018001408190345,0
1.2162406117006883,574.3264094022715,541.3799097451498,2,0.02995656779538739,0
0.3421403038870571,396.27538456735437,679.7686526849523,8,0.025760722033372187,0
0.7673852499523488,439.60148132841795,638.0091354147452,3,0.04309852205132963,0
0.07745623605709238,10735.298585982844,136.78109986228733,174,0.9954567646353858,1
1.0862557985649803,296.07678222398994,688.115706944059,4,0.06313075530919887,0
1.0117295509275495,391.84519963856053,587.7362290575671,1,0.07140326444668564,0
0.16653660416618332,10289.775666193782,61.3670277364588,319,0.9050098680490769,1
0.9463708738997987,393.23795706174053,364.0143859020081,5,0.07945782787001904,0
0.3846536333850389,496.0444846143345,591.9076482987768,3,0.0632711878748601,0
0.1762942146834115,583.0335816544246,474.0957854179297,9,0.07562136139501768,0
0.16434783687293708,4940.879844611394,91.35991313017678,309,0.8330999549327311,1
0.739678838777267,339.35536797424277,403.3023856870787,3,0.027473152551951954,0
0.005618356915649692,12963.326804925196,134.76014500419996,417,0.9539493245714175,1
0.049878300023404765,4335.688803778862,121.21969689305062,225,0.9782280183587019,1
0.8975047213097606,533.2314011979591,490.4704467613048,3,0.05989785081772106,0
0.44122699952987016,394.0786478111048,524.3339449322692,9,0.004564874550238374,0
1.3167456935454493,595.042383818605,559.0654830692309,1,0.009653447019544082,0
1.1527507630986618,564.5375949585148,619.5046628924842,9,0.03169465877911193,0
0.2004673710604255,9357.514467764177,49.262025340707396,140,0.8858298983916644,1
0.12044428503699642,399.1913689082596,616.0826787378519,4,0.007171188884765101,0
0.4693840046550615,602.9155637325644,419.6325432030269,7,0.08034827432968847,0
0.09003212637616179,9986.957369541084,39.52615322905974,120,0.9647995303759956,1
0.9404920709825931,493.39202013526835,539.922312260528,6,0.012300329512374565,0
0.01806643189430485,10117.968443179194,204.79217509045793,390,0.9567003005175818,1
0.023469180824902403,10422.567384558946,129.17721515059438,320,0.8669578083781359,1
0.6722721094736362,442.31081304768514,604.7098302612154,7,0.04299310773901482,0
0.45841630720702004,649.6044311489184,691.4031353866786,4,0.08336499619375856,0
0.2701941833767176,10909.48182428227,81.09960504908915,482,0.9201166393974272,1
0.012228944358969308,416.7644426895771,445.37555517475175,2,0.05309376784120939,0
0.5520331253049737,598.4322398476584,461.1823181458771,9,0.07132068832826177,0
0.11382485262732563,9594.038725208686,160.94853948968316,443,0.8685182165622264,1
1.6994840726392213,532.6927373764163,507.68218910602553,7,0.036459372819754,0
0.19226766022694783,8729.27522234874,182.47404471619603,428,0.9192934150827088,1
0.05897635674222761,8786.599410469407,152.08623320294257,325,0.813807387382275,1
0.11556091116364571,7516.478849036752,97.59557463346137,278,0.8109220606426939,1
0.1731514053654731,6739.05351256972,79.31921671851786,204,0.9216422753532894,1
1.9713449718798333,409.2436337958402,431.0812181910432,4,0.0361919990837865,0
0.05492705793872256,9329.724437657096,150.37219865975993,106,0.9709094786404361,1
0.0171112463876311,13665.114086958403,81.92686166530072,222,0.8149791684003967,1
0.7542794101939461,582.9405581183489,599.626681944714,2,0.0988035966155592,0
0.053065095910309404,475.9674601841865,401.75126064616904,1,0.0692532431537108,0
0.41713243399517175,296.1875464822146,370.5318524279094,5,0.034060416658129165,0
0.11299196381880568,9177.146785767995,51.716759823839595,211,0.8193389119575135,1
0.07384962694642702,442.4362173762226,555.8326912521723,6,0.014287596133941172,0
0.04037531240628876,9297.171528572535,145.01992941975317,474,0.8504345754991061,1
0.9831249947827285,547.2597482413044,663.9116805444067,9,0.0929228053631854,0
0.3165093404396757,6240.151229721911,64.52794987862268,120,0.963924973909529,1
0.002960365980225214,7188.865961642716,64.39130679119782,375,0.83909160007368,1
1.0038378271376383,537.1145873371308,647.6540349725896,4,0.09166352358412073,0
0.12853557519560596,10183.504968896747,11.199412297579897,419,0.8664345044123465,1
0.20261142283225705,440.06249770462273,460.6661187672639,3,0.05932215701073843,0
0.30816014785883117,565.4365656354057,480.93175992366537,7,0.04404413503124241,0
1.3078757839577408,348.4808937801448,584.0643548988724,7,0.00870927667957715,0
0.1127092902446161,12776.675556416896,103.90715314848237,188,0.9520800134574965,1
0.08921102898989729,571.2998430172388,594.0771187988216,6,0.07227069576982285,0
0.01073666187037918,10520.884526667112,34.14340400267075,475,0.9524349174363289,1
0.02841420999797959,9113.911957743036,103.63402621646706,428,0.877361448410376,1
0.04254497289318204,9384.383057722232,197.6629568763284,471,0.902948438751356,1
0.8071096637333488,679.5877673095522,402.69310591184444,3,0.031186385791688323,0
0.2698751193196384,12411.989033093632,76.11772086979974,327,0.8889147002138857,1
1.1488748725771671,570.0309879408992,494.4230922342294,8,0.05201698923107512,0
0.1931229845290355,12657.866639070819,121.86565935194804,282,0.8432062880786144,1
0.033653389295171386,14437.560466896268,125.1392213447597,372,0.8631066361326272,1
1.036968786295274,659.3186626639397,663.3431532301096,9,0.04888978317924514,0
0.04417990006494141,8103.303991551598,65.26998154184277,465,0.983841606210745,1
0.3376306603145225,359.24883052821787,424.60354111333237,4,0.08469688542070605,0
0.06856925413210559,7407.766671500211,89.41665090344115,211,0.8169932579778934,1
0.7912237979817975,650.2357052096028,544.0014450053333,9,0.02374334683748063,0
0.33528464412079634,9000.539647696738,71.80262559708784,308,0.8403589896504914,1
0.21789626094045,405.06011111680573,622.7668992473292,2,0.02419316803155296,0
0.05684243568250689,11337.309609515813,110.39012536766568,296,0.9870788979335597,1
0.2606316177052402,7934.952192944921,123.67359495176143,308,0.9852119119636531,1
0.005305138804256164,9809.071505821854,155.04106992113026,336,0.9105629751436698,1
0.033195270666804944,9473.103567835502,125.78140442219782,298,0.9881984645148874,1
1.803644794246297,484.432276460792,539.5803533437409,5,0.05821987465941139,0
0.2086531282741948,7201.387650396116,176.1619310856129,181,0.8078530103297321,1
0.1273723936155019,557.6556963055766,454.7693680750923,6,0.05074119387178089,0
0.16094553214040427,8900.91945080893,99.98431636941126,318,0.9036020862752197,1
0.41673367093075314,517.7701000933254,513.3540904782283,7,0.03162701497293068,0
0.004489270890015703,11696.861764410569,56.805851970511696,444,0.9250866900333187,1
0.1216382080660238,11146.2556264824,183.81965136041015,290,0.9004743639944192,1
0.12469545359924233,11707.951953104448,146.89577687553276,243,0.8176268861953383,1
0.2322177749177033,11116.279029037012,152.93642649419394,171,0.8860693064744402,1
0.8755537772028685,446.9003044998182,477.52345981073165,9,0.03790940486719362,0
0.08865386777780669,657.9572145730713,406.06646061812455,8,0.04722818041629817,0
0.1121257657067068,9530.758860085172,134.63613775584298,430,0.8174893003599771,1
0.1267459247349778,9838.800501406478,126.60030994109715,106,0.8970035975048083,1
4.268773939601984,399.5859233247932,478.6557129069792,1,0.013660090365117263,0
4.33414633958732,420.7127167737656,611.7295831588127,4,0.019609771273839297,0
0.10912972637863322,8096.163079955529,125.57497876809308,431,0.8407989207218776,1
0.030142487091456522,14823.353351156842,20.120041520228398,462,0.8961119881672537,1
0.14159712237241737,10819.525591918995,93.03013996683829,373,0.8632202623093941,1
0.09967467068014915,10744.210945213727,160.02658292369364,324,0.989555939593846,1
0.16989696010093255,15386.067327960993,53.103721173180055,478,0.8672646788540668,1
0.0977232471300584,5758.599694729867,159.5274297171798,491,0.9798497836578405,1
2.051519730520813,690.9416640470131,592.4633682912769,1,0.03838388830449795,0
0.06754953535639746,10577.447325650046,96.79079193555904,169,0.8950216729863671,1
1.6279689407405564,360.1432426180859,505.9630369920174,4,0.0456236508955542,0
0.02179484245523082,7972.208095414924,115.87266306250876,200,0.9382493327571979,1
0.039562746978779026,12651.59329508438,56.16131093940776,415,0.8665458953020758,1
0.13055665773552833,9017.692505715791,54.18629497181375,288,0.9524424116628354,1
0.06597891918683801,12457.961004978124,106.55325931079244,133,0.8753972334573683,1
0.7176305845494884,539.4452142378296,554.3600154594433,2,0.043052933846220755,0
0.019264074345832688,6870.39445727589,74.92989265571816,172,0.8726510703351621,1
0.04158145191729243,328.98316073433745,530.9820710227027,8,0.09551152072917014,0
0.5800908425853983,636.8631557532349,347.68130952162255,9,0.04345959608587118,0
0.027710102302640163,11970.899371230436,155.06614788678812,350,0.9595996070438448,1
1.0749747640549978,666.5474444462577,556.8983079185275,5,0.032149570124788196,0
0.775099901966172,451.2874616235304,539.348538542175,2,0.041894779018747545,0
0.0973955972391981,8149.150747880825,95.33065705500259,216,0.8620616964209096,1
1.21228755622449,389.347409125833,367.69102065925017,5,0.08635475225145452,0
0.32487341989513013,498.3577103927248,439.4384460263136,4,0.03480955931682881,0
0.13069095710746875,12461.74902630947,79.10452271170547,316,0.8238762022676394,1
1.786429543354675,488.5460154747382,620.6508966508356,9,0.09028949951919873,0
0.3025999956634014,10170.418899267803,94.42455864285282,260,0.8652441013961863,1
0.050722648428285035,11021.584177055189,-45.349410966082075,192,0.9519647316856776,1
0.06566806580478289,442.418175935532,356.9224897881952,8,0.029348882320812165,0
0.1573082436156245,10914.560809230483,152.4353563208282,147,0.8219726227481566,1
2.6701379243993264,366.46556412898985,484.7530163619456,5,0.010189238806601353,0
4.315458562058092,447.71399728467316,485.59124442783843,8,0.08801567379214852,0
0.4630552604753125,471.82153911394926,559.9928729996204,6,0.06778132003100443,0
0.2134452152258195,10154.961037037725,196.75770200301145,397,0.9652929218984366,1
1.224999753130005,455.4497478599228,506.44744148101205,2,0.021199405469865807,0
0.5282819748826726,507.7368307647618,475.2822617479403,7,0.08211982825502266,0
3.249091861506754,402.4126747022667,300.6264357428545,4,0.007177580622651303,0
0.04234135344939629,7102.817170732911,185.12573290648027,137,0.8827033060579919,1
2.217721229160009,563.293181775551,518.3359919779156,4,0.046409515945350394,0
1.1318517342673489,451.23937759275066,497.44459290085547,8,0.03745528870201214,0
0.04636232402053473,329.74163957621596,757.9709337654319,4,0.028100449890871362,0
0.782407083207746,595.5142320501238,535.2055396514297,9,0.02768143077913058,0
0.14794441343927894,459.19246269784486,388.0330105373856,6,0.06369023174547432,0
0.06479828321383203,12806.739940250382,4.532195624635364,343,0.9219625523096234,1
0.07318243625624084,315.9125768668355,462.0872259012513,8,0.022602899781599975,0
2.821083147273303,401.0395179741419,530.2635465239033,5,0.09938483888996982,0
1.3958378736630772,469.08278765313605,410.15320182089624,5,0.0702540501534807,0
0.1119770812249557,10068.882023411683,47.43450441803277,209,0.8268866854739101,1
0.07070847345157996,10498.617191283458,52.38418096306015,221,0.8950200681383441,1
3.282009864541398,337.2457562116837,503.80034781682,3,0.0011706610730904067,0
0.11861179133342091,6902.763402272507,136.0567681272791,265,0.9845207514187916,1
0.12502623200745627,528.9168643907818,244.60788650980453,4,0.02675926767279715,0
0.7386535882790156,387.0948228782771,639.2002286344599,8,0.09263826067300868,0
0.044118998618501895,444.7776955719029,352.10884312258713,6,0.000992382112783563,0
0.15313656485833338,13251.917830724127,92.55153451163515,194,0.8664853384348731,1
2.549435379269405,496.7305251905907,587.2457328280145,6,0.06006510665483559,0
0.17887462741929175,7189.62030639285,112.89879906105904,308,0.8238420885681147,1
0.3158514654361373,469.045356068601,544.0474737960399,2,0.09978208556819783,0
0.35151651579398124,6428.267016131778,52.72465600286344,299,0.8655767988036518,1
0.20643210660755654,525.4420843301214,526.0673765823907,4,0.0601074166800233,0
0.32841226138899593,669.6456368290038,674.957674318694,7,0.06136041142374585,0
0.8441123364356555,475.42569359140555,482.69281757161303,2,0.01248208139668483,0
0.6061277556769509,565.8544272672831,455.67177488084894,8,0.01255502147626534,0
0.27386055214207705,461.5444455770175,353.562511979018,6,0.08456043629899068,0
0.1537999235727918,10779.228354741808,60.81232394377859,395,0.8398439371674153,1
0.03425544405277208,10964.133454670773,97.30475754971305,397,0.9674945039237549,1
0.034320113289046404,9899.59076591651,181.59284495445544,174,0.8547976198939944,1
0.16826845626614076,10515.505080285502,140.77505112221314,283,0.9115377382370906,1
0.08257025796841311,9296.157364366982,175.17099142144997,278,0.9610348794720753,1
0.15170033059741117,9852.104868783215,118.38099201048554,109,0.9333854894917362,1
0.17573946801280818,8967.140712224857,111.57229612627862,214,0.8332510660699401,1
3.0981034985563065,521.1017467202619,375.6136764608715,5,0.008860471396967906,0
0.10152502413531679,13156.23611512437,122.2099163645336,256,0.8409604818112419,1
0.08677121011941033,11463.74140857659,83.46053878362213,159,0.9690079297793285,1
1.4922453771381408,361.9898541785109,570.8356447299353,5,0.038451132764481255,0
0.0009095399607228611,10504.480792853356,153.1970493780428,313,0.9401616836003481,1
0.044165619182010674,11882.621161534968,48.94187712198499,487,0.8615358178955898,1
1.5838252526883998,510.9394794604893,740.3415585238275,9,0.027024769213078326,0
1.2140869768808549,557.0598668593159,714.2270358611863,7,0.006644384435577489,0
0.1219270648703156,11362.719020885896,32.227624844385545,355,0.9704096831609386,1
0.3841571882948685,512.2009814645362,507.60053914124114,1,0.07753461504031356,0
0.4454923423149491,757.335980324986,664.2015160136369,8,0.05887315221313199,0
0.32905960797829004,4728.504521966244,72.22266102565666,176,0.8754107862003397,1
0.06882389499473696,10667.719933137068,23.247987623382016,322,0.9091391937626052,1
0.025634534518311283,10007.391343695695,50.60633295496254,483,0.914712656005342,1
1.430392753076864,807.8880808455237,341.6097176514277,2,0.04935465803401187,0
1.4181818477567132,515.0301761461877,527.8994162223802,5,0.011099809879131485,0
0.27532665471097384,11822.725444349444,64.14919254360319,413,0.9958063681583335,1
0.39727202078753887,8531.65240244301,90.28654340107403,451,0.960187744308286,1
0.397350110319524,6246.894587916252,64.65537160063255,115,0.8711915546941281,1
1.689896777486126,380.21221074111514,544.7708560017315,8,0.05165726284459791,0
0.2539498673080245,537.7300493044852,534.6488475897993,3,0.028840543781874575,0
0.28598791623520436,13741.930350743565,85.57256520621476,189,0.9776382699322608,1
0.5950146636228576,448.3955271782626,599.2042349536523,8,0.06663854135782064,0
0.02686907266739443,437.5181422304321,441.8319086051356,8,0.0978981115174809,0
0.03623230247239586,12682.951831061762,162.48094526483334,460,0.9296929113800474,1
1.3390174048752264,490.32868881296076,430.70948022040926,4,0.04876278096672109,0
0.07692926551379635,521.3979910734222,570.9003757588512,7,0.003672136250082114,0
0.05670715168023113,10116.04546961679,120.98049860120591,225,0.9774937880425765,1
0.39848633455038973,453.7724711294958,424.4254840507155,6,0.07610377902507831,0
0.03127042059539351,8725.384505942411,96.12782696370031,178,0.9206426124199009,1
3.287379923268602,481.50978635570107,636.4140429973844,2,0.0014315277667059979,0
0.2994577768406861,381.6741487334225,444.4800473306802,4,0.060708957871875406,0
0.20900531108927872,12076.757702038634,123.77153412633118,121,0.8970460911530712,1
0.08092228443318479,604.4160877069072,439.42850769966617,3,0.09741944438163572,0
0.17634962509770877,10972.072578835274,116.1487251808834,123,0.8595718796780423,1
0.10631988723472206,13064.735449356232,41.09795663118096,285,0.8411960071753923,1
2.230813405235561,434.9357430878173,569.822331361359,3,0.012102500048519305,0
0.15158388483489996,8580.840290501656,130.51080847946113,234,0.8155713039217539,1
0.010746617642062764,13697.217666592824,92.64872882845751,264,0.9659131662856737,1
0.031115819666956597,10915.373172107104,151.34931316598662,409,0.8262575944009649,1
0.19030653614210874,359.15387036364405,554.3298029036388,8,0.01428502873008386,0
0.8082304819313313,445.508091319105,428.1592734430802,4,0.007764933467160506,0
0.0013840898858926483,12945.341351501964,144.4518561139946,196,0.9965893759109401,1
0.07729091380348863,8782.8205535206,194.86443473865558,117,0.9768686855942575,1
2.2642426492862313,413.6009230320184,563.517180168197,5,0.007100766453325547,0
1.4087491475385834,413.87157986717364,431.80157520022016,7,0.00015651051914729043,0
0.10004393567361386,8325.4751379006,179.5291036308925,178,0.940173139448776,1
0.3785738784859356,12820.918290407008,82.09853101265068,343,0.93800937768189,1
0.08719399369795726,523.421473253652,466.29140288819605,7,0.031562734376335,0
0.02290108667160451,12862.733563662367,5.999498304611819,188,0.8408128777093201,1
0.33108346683962947,429.68235748741125,358.628550309502,5,0.013382836299969315,0
0.8813473778072907,502.6091050210834,398.5243269307133,9,0.06034930960433787,0
0.4889587009811018,467.39764678321586,326.02862212219003,6,0.002544775990575088,0
0.026084303111006464,10907.017425108936,94.8284387854858,474,0.8856703601137693,1
0.1276803915456468,509.9332305429226,467.965269180568,2,0.06125734683448192,0
0.004595106218168274,11709.050454133232,18.436209226952727,208,0.9475855537997601,1
3.5677981382916997,319.51178993354813,543.6323669674032,8,0.014213712379345766,0
0.6994394526077897,525.6029734313876,667.770081407644,2,0.040510269452756646,0
0.1354393941280624,13974.122223398883,35.977221449876666,457,0.8787271040554885,1
2.8631211226911497,333.05947188786286,552.2835488035499,9,0.07239730554660938,0
0.4692680899768591,534.175597577716,558.3928185325964,8,0.07036859774607958,0
0.39363490891808445,586.960592010566,708.8374704780728,5,0.03855119047369224,0
1.01488935892602,636.6874267444525,434.7376020697609,6,0.06170665161178013,0
1.3705977175964728,436.2260015748684,363.3121301584579,7,0.0014693388654953843,0
1.6204835957747312,550.4046515517845,644.3764604073259,6,0.033134700710305075,0
0.5779834312733013,532.6133022242118,498.03622010733187,6,0.06768212988573956,0
0.033194390194044375,5799.946984696752,189.089945438553,473,0.8484707390273525,1
1.75133255752333,333.90390664840083,284.7109407047517,5,0.0909943143854392,0
0.24598082328963158,8562.335224782539,69.63227833938943,364,0.9353234467105013,1
0.2713331723358058,252.83554998727107,482.73727000591805,4,0.04464195164015822,0
0.32662592101036936,504.7398671316414,657.3986763290033,6,0.07291734875494481,0
0.08765239671469428,9096.681047680755,107.4044709899138,133,0.8870792646799504,1
0.2172148953252385,420.9525544554688,610.5525932957984,6,0.0580467600993696,0
1.0026699194828848,614.375404320693,585.0221742113492,1,0.002753671986946549,0
0.028443371445712247,9215.057787878253,114.63577410709267,359,0.8754403564915277,1
2.9969723831882855,568.1500697372625,470.97254558113485,9,0.07038570916343312,0
2.3579072969624537,391.89434595917373,508.1829358547565,2,0.04938140404569287,0
2.0295025381702296,618.9016531107552,575.9155160302647,1,0.04136426749186353,0
0.3868102936673966,616.7782061659807,549.4030186282739,7,0.037117242343762756,0
0.9129425537759532,442.3096344337597,610.8703580582908,7,0.0241893828258839,0
1.4338876262394629,644.15686206579,496.1491530499293,9,0.07889851599207934,0
0.037528619848408926,10282.514280174926,21.150175890450143,192,0.8368089544100428,1
0.5603556094421597,561.0585745283823,595.6702316794584,3,0.027039328638452556,0
1.3887563960054248,562.1809962217196,621.3097699979184,7,0.07069764874557162,0
0.01775725437985096,10926.369590535169,98.12146775102593,290,0.8595954470991688,1
0.07542988546284628,12192.938467621767,90.70771239036263,340,0.9962515154782554,1
2.760343817804307,620.1213922163945,463.7559058596868,8,0.06458223862864843,0
0.18571861629575478,466.42153007098716,470.2436496640008,2,0.05333866287653626,0
1.5135621919309032,524.8220586300336,543.0041647191069,7,0.03879867599468695,0
0.2084041614360645,618.8393273448085,682.6009713546937,7,0.03717392949063303,0
0.008170455545483112,13510.95139663098,130.1623750285697,290,0.8082994651019814,1
0.4652439119617327,492.5566570899954,519.2049116490032,4,0.024682386920190227,0
0.13761238826067157,12042.766590858797,121.27449666201152,208,0.9538885158843113,1
0.10277731500250624,597.1570950954356,429.9879185060827,8,0.04304274103209902,0
0.02590756504330275,10865.919650721393,-2.4970639288738994,446,0.9707885764283706,1
2.328445680867632,545.9180079228437,550.7991326912544,4,0.08918721448107347,0
0.007859267448855107,8126.987250420808,86.0094828811497,181,0.9163443054946954,1
1.0005037477317713,479.6954613957007,342.36078430157505,7,0.08575623376612838,0
0.34123172364030835,7991.89080631598,48.71236581798614,345,0.8024006054545365,1
3.483575221256005,438.72113095156135,619.6571501664491,4,0.07739913781527626,0
0.3529367585225774,10388.215261906715,51.01393876415966,460,0.9220726015636314,1
0.3222271694448199,11578.113374751038,69.39165414225897,109,0.9367740249818064,1
2.186618664220801,519.6554776511574,555.7810306351862,3,0.050040114571020124,0
0.9763011917123741,575.7507710047305,680.0940432910816,5,0.05720486433693009,0
0.055378216118776816,11251.016033662072,17.168839616111313,439,0.9326621419008004,1
0.036787432595670376,12165.382107774147,125.01202347182848,182,0.8943252730390524,1
0.11947137417483798,9607.066833143806,132.32447688628855,481,0.8759474809643297,1
0.2227358621286903,346.58858292643777,524.9383683710755,3,0.006364090928664235,0
0.12519478326323366,11738.309184993794,123.32726557250635,465,0.9477092106793927,1
0.0316213591032566,5738.867040385599,59.85877780245789,439,0.9512902175977824,1
0.37739670879509984,668.7141635072564,477.90358261703363,8,0.060790521409070375,0
0.6808147315102779,404.44595593995746,542.5457561784965,2,0.013148911989798163,0
0.05494428230199097,10817.214615403534,64.54895211847548,321,0.9118436263536916,1
1.6845305061859586,614.9273326285676,516.9360824036078,8,0.02842740929275167,0
0.37354658165762367,473.0593165555442,355.19860995837564,9,0.05916971623063255,0
0.025538432939859107,11848.54027907566,80.2159644121868,247,0.8319759526732883,1
0.009719999573861,10196.135079077889,35.368732642386874,284,0.9502846635062605,1
0.011137100709082458,8079.907409441073,74.23908030958786,167,0.9933412280036922,1
0.962905679748035,508.2283989275424,439.0487797840717,1,0.03698132559871766,0
0.14229802649098477,11790.7108615252,54.7692812503117,436,0.9452169702967701,1
0.7967906483133146,371.9570647503717,429.80083121932444,3,0.0658540515670055,0
0.02059618774743308,7375.561613137188,5.842489597070809,375,0.9497217417163665,1
1.305662908787999,503.52635519717285,632.9152530132432,3,0.0007664032649225328,0
2.838127146232999,407.6766753889096,533.0880232214457,8,0.058586478845351925,0
0.05579195613223623,9862.731907829062,95.95607510672693,385,0.9322685357889449,1
0.09709910051382613,13125.777537016394,179.4919489090342,215,0.8843425235051833,1
0.01081599460385941,8736.844541669338,158.63784226337225,273,0.8242605996011069,1
1.1163235799285063,456.55037725676846,553.6509843570403,3,0.09507727077313381,0
0.036087074205934926,10684.675668979244,37.25386659988538,129,0.8680008772119785,1
1.6573745072597124,501.3929291912946,431.18496548222765,5,0.02857835555258702,0
2.0986086379007944,684.8956094945345,400.86076505436927,4,0.04626756050653935,0
0.4862919320986936,507.3317967188404,377.23921848630073,4,0.09640288471655138,0
0.782294585687126,462.85591340042083,493.7406872100478,5,0.04391498166337483,0
0.04709437695252053,530.7801768892059,381.2401580970487,9,0.007231647525793861,0
0.20156809818707228,10190.688398882616,148.76562292389895,407,0.9587870266903703,1
0.005074437051797003,603.7539944257899,573.264007721558,6,0.031396671737735284,0
1.210550648511517,428.7154217322836,602.2570432009641,1,0.09807393435834294,0
0.06556397546358057,10031.236667899206,94.46673157213353,178,0.8332458724103318,1
0.12355351233568278,9068.388861763675,131.93300843215513,106,0.911948932266735,1
0.5688991313023238,422.16952745976874,721.0523001591351,4,0.007290183536790351,0
0.05183998787738292,9400.323607450238,32.89361257574424,352,0.9155226161274268,1
0.13582181862348355,8102.166958350325,-46.472434500113394,389,0.8599858794946132,1
0.17531581610419905,448.9983601145253,491.92834198914176,1,0.08884036723086813,0
0.20511576037003101,10737.46629463504,50.88482098113427,472,0.8479639904413181,1
0.03517725691046352,11259.059168443622,88.0944781843973,384,0.851780854958628,1
0.04366294487848321,7329.036861800218,31.376722605794953,468,0.8258142493861763,1
0.03758447776552253,333.847993773104,333.1415926122411,8,0.004373907230894736,0
0.010821788581405428,6961.307849046316,60.22214660295588,311,0.8358327836580302,1
0.238687625248947,623.7816311973462,418.30643290127637,7,0.08522638743911815,0
0.0073816937003026275,12181.960850371934,121.27224320920861,229,0.9430250039633776,1
0.7262911192303563,391.89366724001025,439.86323560487864,1,0.021070496386720317,0
0.031581591426927784,6721.031674949132,35.584619126823114,231,0.9953235274630019,1
0.8634140266094347,624.6085192497629,575.8928589786765,9,0.02004745155284028,0
0.07110882749898155,11640.688025224912,197.06087182318745,430,0.9064941815767795,1
0.42956761581164393,458.47120860991987,465.07422956815714,6,0.09640174071177024,0
2.2882305001775056,414.3916174091133,480.3650150915022,4,0.04585230088818907,0
0.180682799888097,10047.806086569912,141.5095905931305,205,0.9414557823811335,1
0.14034334383200409,10482.643869833562,122.0653575849623,179,0.9070695536123313,1
0.19533329604044697,597.255444962673,468.3591550305198,1,0.027616955782089947,0
0.4321916194678851,603.1844539468635,501.03526198433804,2,0.04327291360197047,0
0.682049596573356,410.53926977804963,547.4698232879953,3,0.06441492214759159,0
0.027693113030920476,8748.645425007575,115.49994915827776,471,0.876323299821827,1
0.007930213477005081,8399.922871204708,2.4449067980687573,336,0.9255337754317617,1
1.9885295716582227,561.4166700043426,432.360769794073,2,0.0802585679579813,0
0.12203427641197982,10367.669032645008,116.92764381429572,134,0.8949538012087302,1
0.0011483669104263555,8303.14273161837,46.23438034753811,256,0.9845290279207144,1
0.0022156991989469394,10399.620867437427,169.31746986314215,245,0.9164140262248447,1
0.4697965779202672,444.4522880839745,319.801956241998,2,0.0019327630917601035,0
0.09563694654031944,625.5756125573521,608.5895565831578,5,0.07818238633449356,0
0.09254253269426674,9937.882134258196,15.867065293865707,448,0.9151330505994839,1
0.16666633458146543,8008.369210419542,187.74665358236206,157,0.9291068712821045,1
0.07669095829398441,13775.375314680381,102.55989509405427,281,0.8609806248770128,1
0.10859942668955457,11804.554347573294,55.167888634239596,245,0.9832978302231028,1
0.030048607249231953,7724.628659150367,85.84305516281164,144,0.9392159723134078,1
0.05744683429928096,9597.016932104963,84.95701264295869,233,0.8725003969063027,1
1.1908255977579372,349.6857046881894,512.5576453471542,4,0.07905097942748851,0
0.47093678872755634,234.90301916069882,559.4754341665285,5,0.05735289514555733,0
0.3627537294604771,500.5243699718183,502.8744822934818,8,0.08923024981396523,0
0.5440378655320514,496.23652975751514,470.5050321707972,6,0.040710648912562764,0
0.001223126940897125,13408.211032510982,123.75838732476907,488,0.8105487904324435,1
1.8077676421150626,447.7276979480961,512.5224502647907,3,0.07378695185615301,0
0.6835472281341501,568.6051459998439,537.7211875064521,2,0.06019234310151316,0
0.06155657215573473,9085.39668982642,137.98561477420841,100,0.9876128279136263,1
0.1697064750630053,10829.731000723821,100.62496609536251,210,0.9553596874417262,1
0.20649547635863907,556.296923669057,435.3063222294426,8,0.03690530217609166,0
0.00645665703233147,11993.141021158895,107.27605988841204,224,0.9603680336905612,1
0.061248145285644595,7482.990178649331,107.84864804842171,149,0.9910896382876135,1
0.7956978461389317,473.01250647066286,507.8635190316091,3,0.06029428764794616,0
0.7160932369329037,442.63379931197636,250.05942851264268,3,0.05112754622007512,0
1.2538492877767757,675.4794181984364,433.7099082449052,3,0.07661159327955863,0
0.02831638085009333,7244.764998491526,157.9537032477949,236,0.8026457625810588,1
0.028887350951926585,8947.504286965157,59.18913777290176,456,0.9817652995433724,1
1.027310693567705,454.0639100459756,603.0283454031842,9,0.016002493646319404,0
0.0009079563850904285,10381.271182530048,147.57748852870213,253,0.8246494916265104,1
0.876243706006643,451.05605574817776,715.7308213265503,9,0.06464587416379305,0
0.09920501165575414,414.16422198187865,429.49881442415915,2,0.055250096740788915,0
0.10622533548163021,549.331790088089,667.2572386837703,3,0.08225347943841968,0
2.2740973491072523,727.0692857804396,707.6747983560841,4,0.003899601257491159,0
2.357576183769919,605.364179660784,537.4056569847572,6,0.06826172212234025,0
2.098333707160994,464.8486515958691,534.6503881730716,4,0.03112174950633936,0
0.11397839863491777,10659.017471146019,95.0577399380347,229,0.9538122266319449,1
0.25980515691739403,652.3124077269657,399.83799901050844,9,0.0636401370183407,0
0.05388236502132711,8988.506591476127,137.87475746687429,481,0.9200502820199166,1
1.2072084716530997,640.9347440185579,552.9692754356731,1,0.0416504431903879,0
0.911054412383275,538.4065448939307,371.9695601329106,2,0.09505310525862036,0
0.03413465214844297,9689.481902350502,82.16634329100644,227,0.90252304882064,1
0.00366835056113271,10699.300094599388,26.66074046921615,173,0.9696943548812529,1
0.15653086098546976,600.6292809214441,522.4451818559972,8,0.06924928266692253,0
1.0793903496967985,291.8070592116278,359.73947282003064,1,0.08459214396777322,0
0.03211751765850929,9872.95085076929,107.17939682525801,134,0.8384032169480073,1
0.19416796763724425,7593.598289221711,-7.619177230459016,321,0.8668885054236208,1
3.6123094061629257,527.996862631982,587.0067730688754,2,0.025933489731709447,0
1.6009499323084875,496.7246729784002,361.0427533236404,5,0.057727902923313125,0
0.7974613156953929,456.0268941725825,581.7766299200287,2,0.03600504659009784,0
0.33133386230673856,563.2407739055521,390.7687235327421,7,0.0046851908527603126,0
0.32957736836626295,688.2024496475034,563.8730222029185,4,0.04440437492022029,0
2.3067744276484268,352.1413754220158,650.0759790634311,6,0.04855896996593978,0
0.12077786855710813,8860.334143522483,109.77408657766455,435,0.8407069747773793,1
2.0994158140869468,681.2448557996929,623.6093175210437,6,0.031758679526111666,0
0.5655370667803367,454.9934528520756,519.1099068019903,8,0.007896916219082862,0
0.03881213685465557,8304.73214276183,95.04528498793655,476,0.948313221693366,1
0.09265545895311562,293.25578999601237,565.0201177958661,5,0.07435939161765598,0
0.04995481228836644,7697.971832760986,63.34219014450017,182,0.9270646693416642,1
0.03581704585696388,10528.04016266734,84.89097065086892,205,0.9595609362682145,1
0.1010476988217397,11302.272483647313,100.9200815391719,396,0.8311546521160341,1
0.1120919000889536,12493.783431069438,99.87980795405731,147,0.9668328216416883,1
0.027496186888850967,11251.261867292002,79.20165360263206,397,0.8703299744683811,1
0.47476444833599435,8263.414536247266,186.74682879184041,211,0.8568368591423458,1
0.2771448135597262,387.0293145342382,454.111573713106,6,0.027538117425541853,0
0.608934687859775,571.161487808889,469.2221765046999,4,0.08556960938375395,0
0.3406576818902749,13370.02855741702,-1.2903936555688489,134,0.8655685675771637,1
2.3142327694826474,420.17027554615464,671.1708480142344,6,0.08071555373648825,0
0.09591554567975784,13042.01245431876,71.9696181576345,417,0.8116915974473754,1
0.018389887847233704,518.4836123694874,541.9019009366045,3,0.08039585075525203,0
0.024616481080688615,634.5420046154977,385.69950872695165,8,0.06262343214210639,0
0.051684537677973874,10967.753302376079,15.632782644464484,451,0.8499488358458711,1
0.12315010460444965,477.9030400466777,644.0117215449472,9,0.03388606493387516,0
1.703829726638945,476.10519531335905,707.5260872625265,4,0.06786699566725649,0
1.2491263443165994,531.1250154543536,257.61206733710435,2,0.08742225246851759,0
0.030097669459871714,10076.475989920056,36.53347517266504,348,0.8754726353593302,1
1.048773814302768,541.3434903223701,610.8182816737517,1,0.05414076073475852,0
0.017490427012821896,11204.236640784968,89.32716103247809,433,0.9099434510326623,1
1.4794837762415114,489.29696400454424,534.2725346377704,5,0.061078007107576826,0
0.13421747086453292,11752.093585059589,213.6217360223441,482,0.8608980848708061,1
0.13389718823677083,7795.415700327154,10.305375106605482,288,0.8686550978128897,1
4.610569747846317,494.57051334821875,355.99491174057056,6,0.08770905810181889,0
1.4738899667213645,487.20824085192334,578.5800158650832,4,0.09928168389990705,0
1.35003424835367,612.6565029547758,284.6609886396285,8,0.09809873781626852,0
0.0464775824305489,11780.495001673018,105.4704235916485,288,0.9761790321089505,1
0.02354700318071151,490.394010027535,407.9326406920634,7,0.049669542281794654,0
0.04041502086904978,6966.714901158418,87.86593615939833,215,0.819898933774593,1
0.0057815652847954995,11464.984205559605,81.93447190163548,395,0.8913776143474534,1
0.07909301276058035,9914.35323737685,95.27706427789987,252,0.9835294555808867,1
1.0718132881697624,422.6210800896427,561.277390506257,5,0.05537114853580112,0
